"FirstName","LastName","Department","Title"
"Timothy","Thompson","Sales","Sales Manager"
"Deborah","Torres","IT","IT Manager"
"Lisa","Torres","Ops","Operations Manager"
"Thomas","Hall","Sales","Sales Manager"
"Mark","Campbell","Sales","Sales Representative"
"Mary","Robinson","HR","Training Specialist"
"Andrew","Williams","Sales","Sales Representative"
"Donald","Hall","Finance","Accountant"
"Joshua","Walker","Sales","Account Executive"
"Melissa","Torres","IT","Systems Administrator"
"Charles","Anderson","Sales","Sales Representative"
"Robert","Davis","IT","Help Desk Technician"
"Nancy","Miller","Finance","Financial Analyst"
"Michelle","Gonzalez","IT","IT Manager"
"Carol","Miller","IT","IT Manager"
"James","Moore","Sales","Account Executive"
"Emily","Taylor","Finance","Controller"
"Patricia","Campbell","Finance","Accountant"
"Ashley","Scott","Sales","Business Development Rep"
"Mary","Garcia","HR","Training Specialist"
"George","Torres","Ops","Fleet Manager"
"Joshua","Rodriguez","IT","DevOps Engineer"
"Ashley","Lee","HR","Recruiter"
"Daniel","Anderson","Sales","Business Development Rep"
"Dorothy","Roberts","Sales","Sales Representative"
"Christopher","Hill","Finance","Controller"
"Christopher","Adams","Finance","Payroll Specialist"
"William","Scott","Finance","Payroll Specialist"
"Charles","Lewis","HR","HR Generalist"
"Brian","Thomas","Finance","Accountant"
"Thomas","Wilson","Sales","Sales Representative"
"Emily","Wright","IT","Network Engineer"
"Dorothy","Sanchez","IT","Systems Administrator"
"Thomas","Walker","Ops","Facilities Specialist"
"Deborah","Baker","Ops","Logistics Coordinator"
"Nancy","Moore","HR","Recruiter"
"Steven","White","Sales","Business Development Rep"
"Nancy","Baker","Sales","Business Development Rep"
"Steven","Anderson","Finance","Financial Analyst"
"Michelle","Mitchell","Sales","Sales Manager"
"Amanda","Lee","HR","HR Generalist"
"Susan","King","Sales","Sales Representative"
"Daniel","Johnson","Finance","Controller"
"Mark","Brown","Finance","Payroll Specialist"
"Deborah","Campbell","IT","Network Engineer"
"Joshua","Nguyen","Finance","Accountant"
"Richard","Lewis","IT","Help Desk Technician"
"Matthew","Lewis","IT","Help Desk Technician"
"Kenneth","Garcia","Ops","Logistics Coordinator"
"Michael","Scott","IT","DevOps Engineer"
